Nº Inscrição-2022,Nº Inscrição-2023,Nº Inscrição-2024
22001727,23309726,24013382
22005989,23311644,24006732
22007333,23309928,24011194
22003545,23305366,24012545
22003072,23301023,24010407
22006072,23302216,24008210
22008689,23303192,24001649
22005748,23303640,24008224
22003562,23302253,24008508
22005064,23306821,24002557
22008643,23306478,24002929
22001500,23307165,24004269
22002263,23304404,24000963
22002339,23311958,24012067
22010004,23309885,24015857
22003104,23302276,24000588
22008595,23307292,24014922
22008236,23308466,24006478
22006679,23315534,24004639
22002204,23311662,24002119
22003019,23303242,24002134
22006316,23302028,24000464
22003047,23314981,24001952
22002004,23304879,24015004
22002434,23304360,24004180
22008850,23305763,24006806
22006089,23316731,24001574
22006785,23306448,24004653
22001863,23300028,24005330
22004198,23308465,24012521
22005536,23303863,24015173
22010347,23305656,24016086
22007820,23313806,24006731
22004862,23301597,24005898
22004762,23307170,24006532
22006881,23303286,24013311
22010714,23312703,24004046
22005058,23309265,24008107
22008363,23307314,24002618
22001776,23311000,24005210
22006764,23301469,24012277
22005731,23315457,24002528
22005432,23312770,24014170
22006346,23315510,24014150
22002050,23304353,24003172
22010537,23308557,24016216
22009546,23302286,24010269
22005635,23311203,24004510
22004739,23305948,24010338
22000069,23301093,24001663
22003266,23303226,24008637
22007900,23300598,24002373
22003429,23302899,24005265
22000647,23305104,24007422
22004343,23309144,24006211
22000038,23305968,24001339
22005307,23302412,24015918
22002694,23310154,24011416
22009370,23314251,24002684
22003556,23301920,24001480
22001538,23304664,24005303
22006275,23304738,24006563
22006246,23309953,24009561
22006224,23315993,24001925
22009755,23304977,24003300
22009438,23309148,24009320
22006149,23314924,24000168
22004982,23316818,24002571
22001542,23303301,24005432
22004933,23312586,24006420
22009276,23312843,24015927
22004086,23306951,24005973
22007642,23300793,24004628
22010424,23308226,24015075
22008837,23310085,24007370
22009986,23304840,24009317
22004913,23303752,24004117
22008992,23314219,24003738
22006759,23305236,24011374
22005152,23312734,24000962
22000257,23304357,24007464
22007234,23307287,24008646
22006512,23313514,24004556
22001842,23316472,24009679
22009026,23300258,24009541
22002438,23301774,24010869
22007224,23307733,24010450
22005485,23312196,24015800
22006424,23314232,24005584
22003388,23308104,24009310
22005499,23313098,24015714
22001485,23306833,24013958
22005688,23316084,24009331
22009046,23311628,24016084
22005990,23310470,24009871
22003866,23310996,24004912
22006422,23304005,24002869
22002427,23307594,24015548
22006892,23314185,24005732
22010513,23301346,24014575
22005587,23300950,24014699
22003843,23301089,24015249
22002197,23300802,24016019
22004036,23309104,24016523
22010193,23315361,24010347
22010256,23301357,24007905
22005635,23311595,24011281
22004736,23315043,24010584
22004739,23316498,24004400
22001500,23303086,24003088
22004349,23305488,24001330
22009310,23307766,24005153
22006864,23311516,24002362
22002263,23300514,24000959
22000520,23311251,24010939
22003870,23310988,24004055
22008337,23309202,24016055
22004771,23316564,24016095
22004061,23301463,24010677
22000069,23316652,24014128
22000160,23310890,24006366
22009814,23309487,24006603
22003374,23314195,24015843
22005326,23309893,24002073
22002339,23310930,24010033
22002995,23314206,24011328
22003260,23306123,24007139
22003266,23307679,24015383
22002329,23308509,24000642
22007900,23301623,24002118
22003429,23315827,24008732
22007037,23313690,24004684
22004989,23308793,24008010
22000557,23313755,24014065
22010004,23301072,24002301
22000010,23302498,24010362
22003104,23310502,24014692
22008595,23303290,24005112
22008236,23310147,24004942
22000400,23305596,24002366
22003546,23300938,24012998
22002907,23311360,24001920
22000647,23304772,24014671
22003012,23310163,24002484
22000134,23307722,24004711
22002039,23311362,24007312
22006679,23311608,24014675
22007047,23305906,24007286
22003523,23310142,24011881
22006123,23314237,24015933
22005576,23304287,24002964
22001965,23306919,24003910
22004343,23311080,24005541
22005895,23309304,24016409
22005829,23316192,24012820
22000445,23314773,24001976
22000038,23309085,24003302
22006494,23311868,24015391
22005307,23310200,24000727
22002694,23301353,24012694
22009957,23304533,24016035
22008804,23302611,24008456
22009370,23312961,24004015
22003556,23305844,24000092
22002204,23307615,24011537
22002966,23304540,24005981
22002377,23311225,24001762
22004500,23300115,24015556
22006056,23301688,24006589
22000334,23303344,24011839
22001538,23306527,24014047
22004595,23308084,24005527
22004179,23309086,24010612
22000931,23310541,24001873
22005617,23310663,24003634
22003342,23312070,24003731
22006275,23315163,24006584
22008643,23316384,24006738
22006595,23300543,24005963
22010865,23300182,24002829
22007890,23301468,24012932
22006246,23300530,24000392
22006224,23308957,24001321
22001972,23310077,24009794
22001824,23306725,24005273
22009755,23304782,24004283
22009438,23301884,24000724
22006149,23313979,24006460
22004982,23303392,24012556
22007097,23315352,24015373
22008810,23304590,24012326
22005736,23308685,24005506
22001542,23308319,24000240
22004933,23308728,24010943
22003140,23304899,24009008
22009276,23310685,24002412
22004507,23304066,24010701
22003302,23315550,24005762
22006732,23309169,24009788
22003019,23302912,24005285
22006488,23305466,24004045
22008323,23301934,24010108
22003450,23309473,24012167
22004710,23309368,24011419
22005405,23305429,24016556
22007993,23309431,24001697
22010537,23304283,24000984
22004086,23301472,24002552
22006257,23312826,24001883
22000379,23305437,24012117
22006693,23304215,24006926
22005019,23306193,24015332
22001727,23302791,24012541
22005989,23304807,24009983
22008138,23308417,24001353
22001745,23314815,24000352
22005074,23301303,24007592
22001319,23313333,24000229
22005058,23301331,24003555
22001512,23308978,24013005
22000669,23315097,24002318
22007642,23300363,24011373
22006316,23300221,24000506
22010424,23315834,24012757
22006961,23305335,24008314
22007333,23305355,24001965
22008363,23316536,24012309
22003047,23309984,24007508
22008837,23311574,24007772
22009986,23301474,24014085
22004913,23305606,24006474
22002004,23314650,24001463
22007555,23306069,24000810
22000226,23300965,24003152
22005621,23301118,24014791
22000152,23316876,24002393
22008992,23304945,24014956
22008774,23315426,24011573
22002434,23315862,24005672
22003316,23306147,24005033
22009546,23315968,24009828
22004790,23313645,24009654
22006915,23306012,24007141
22005303,23309614,24012966
22008493,23306194,24007769
22006759,23309566,24004662
22005152,23309470,24002862
22003545,23301738,24006790
22000257,23316625,24005564
22007234,23309051,24001768
22008850,23300419,24008327
22005946,23301729,24013796
22006991,23311657,24000025
22003858,23307798,24005289
22002941,23301661,24010475
22004889,23309313,24003386
22009499,23316119,24009228
22001762,23310008,24002794
22006512,23312346,24000359
22009615,23311484,24016129
22006089,23302053,24014108
22003733,23311412,24006620
22007393,23312354,24001132
22006513,23307698,24003435
22001842,23302015,24007642
22009586,23311126,24011706
22009026,23303375,24003650
22002641,23306044,24011391
22009424,23316505,24012268
22009212,23314204,24012921
22002438,23300172,24000145
22003708,23301791,24011757
22001776,23303342,24008254
22003072,23301814,24010793
22004714,23302897,24001811
22007224,23303886,24010930
22006072,23306567,24010822
22005485,23300408,24006479
22000285,23312859,24005491
22006424,23311085,24000067
22008845,23311560,24001932
22007763,23316399,24000196
22008408,23314324,24004146
22009556,23300469,24015461
22000823,23303420,24014509
22000555,23315716,24005044
22008343,23306503,24004582
22006385,23309460,24012103
22003658,23304291,24003987
22005800,23308020,24005634
22006785,23302055,24002343
22001863,23308482,24015292
22006764,23303050,24000549
22010226,23308338,24015523
22006198,23311178,24005276
22005731,23310949,24009616
22007215,23302831,24000834
22003388,23312787,24002778
22005499,23301356,24000750
22004184,23301129,24007762
22005432,23314767,24011001
22004198,23315994,24000523
22008531,23306400,24003537
22004431,23309710,24013486
22002268,23314506,24012661
22009014,23301810,24012120
22008394,23315588,24007151
22010105,23314538,24006480
22007691,23308836,24003415
22005536,23314245,24002273
22010262,23316556,24000286
22010347,23301901,24001849
22004976,23305824,24006462
22001485,23309778,24006393
22006407,23310395,24011768
22008689,23316071,24000409
22009631,23306772,24011274
22008507,23310945,24008627
22007820,23313400,24000163
22008326,23300723,24011659
22006346,23308552,24008877
22005688,23303556,24008738
22003656,23306713,24013946
22009046,23310498,24011478
22006286,23302026,24013725
22005990,23303741,24000171
22003866,23315906,24006969
22004742,23314467,24004654
22005957,23300177,24014216
22006422,23301482,24003861
22002170,23311909,24003329
22002427,23306811,24004930
22001041,23310192,24003558
22006892,23303373,24004865
22010329,23305467,24013054
22001706,23304689,24000469
22008020,23311292,24007078
22007181,23315958,24001600
22010513,23301437,24007511
22007033,23310264,24012142
22009345,23300655,24013087
22004862,23315159,24013092
22000693,23306154,24004780
22004190,23307523,24012096
22000692,23310039,24012486
22000798,23309344,24016483
22009783,23308653,24011454
22007416,23314028,24007637
22005587,23302926,24010885
22003843,23315427,24006582
22005748,23316355,24001746
22010836,23306401,24001781
22006155,23303211,24001818
22002034,23302058,24002921
22010299,23305032,24006524
22005110,23314989,24008023
22007036,23303770,24008573
22006596,23303150,24010285
22007659,23315763,24011150
22002050,23307658,24013194
22003498,23310524,24014228
22003841,23310290,24016238
22004373,23316165,24013522
22004754,23315872,24007180
22004826,23304255,24006971
22005390,23314362,24009039
22006803,23307621,24004533
22008550,23304516,24001414
22008585,23312537,24003466
22008599,23312191,24009545
22008935,23314639,24001967
22010672,23302213,24006374
,23307194,24004511
,23302869,24007083
,23315169,24002655
,23300962,24002708
,23316012,24002645
,23301017,24015801
,23301440,24007893
,23307057,24002147
,23309050,24006656
,23310721,24002187
,23311012,24004357
,23311648,24006089
,23311714,24004659
,23313068,24003437
,23313315,24008644
,23313715,24006191
,23314878,24013595
,23316037,24000892
,23316309,24005411
,,24002508
,,24001801
,,24005701
,,24005454
,,24001065
,,24004280
,,24014275
,,24001908
,,24013091
,,24000382
,,24011972
,,24002128
,,24004169
,,24013475
,,24005063
,,24007109
,,24006323
,,24011501
,,24008464
,,24009014
,,24004886
,,24009069
,,24004642
,,24004362
,,24004964
,,24003051
,,24002846
,,24000873
,,24008543
,,24010725
,,24009637
,,24004851
,,24012452
,,24003394
,,24012838
,,24006033
,,24014726
,,24001304
,,24003704
,,24001372
,,24006277
,,24003075
,,24004407
,,24000012
,,24003511
,,24003687
,,24006683
,,24007851
,,24000754
,,24015919
,,24005745
,,24006634
,,24002084
,,24000213
,,24011812
,,24002399
,,24002482
,,24014994
,,24008476
,,24006286
,,24013037
,,24014061
,,24015087
,,24012322
,,24003787
,,24009760
,,24008609
,,24002311
,,24006505
,,24001042
,,24005460
,,24003986
,,24004080
,,24004612
,,24016459
,,24000845
,,24001390
,,24009123
,,24011408
,,24000367
,,24010403
,,24006527
,,24006045
,,24003279
,,24008006
,,24001573
,,24003049
,,24000460
,,24000315
,,24006287
,,24014000
,,24002133
,,24011545
,,24013060
,,24000152
,,24000189
,,24011727
,,24004289
,,24001332
,,24014375
,,24000094
,,24012421
,,24013435
,,24001418
,,24002350
,,24007597
,,24005588
,,24011953
,,24012015
,,24013964
,,24003184
,,24002001
,,24002152
,,24006203
,,24005440
,,24001546
,,24013310
,,24005427
,,24005757
,,24000850
,,24004322
,,24002045
,,24006660
,,24004640
,,24003370
,,24013897
,,24009776
,,24011683
,,24013372
,,24000881
,,24001608
,,24000467
,,24012530
,,24004769
,,24008622
,,24009963
,,24006465
,,24006238
,,24000311
,,24003393
,,24006608
,,24000465
,,24001243
,,24011291
,,24001889
,,24008549
,,24014882
,,24008222
,,24005524
,,24010236
,,24001093
,,24009238
,,24004943
,,24006490
,,24004350
,,24014788
,,24006280
,,24011868
,,24002596
,,24012348
,,24012241
,,24013422
,,24006181
,,24014896
,,24000741
,,24003312
,,24004369
,,24013334
,,24000733
,,24006294
,,24010370
,,24009569
,,24003408
,,24012607
,,24004451
,,24002751
,,24009189
,,24010865
,,24003520
,,24009144
,,24000387
,,24015377
,,24000410
,,24010508
,,24012642
,,24006832
,,24005656
,,24015351
,,24005809
,,24000208
,,24015028
,,24015861
,,24003173
,,24010976
,,24015144
,,24014522
,,24002795
,,24002063
,,24001350
,,24014641
,,24014365
,,24007039
,,24006356
,,24009106
,,24012806
,,24012185
,,24006569
,,24009342
,,24005431
,,24006503
,,24010530
,,24016546
,,24001650
,,24005597
,,24010860
,,24015538
,,24012700
,,24006261
,,24014151
,,24006020
,,24010282
,,24000781
,,24002002
,,24001292
,,24008458
,,24006319
,,24013754
,,24006358
,,24002662
,,24006632
,,24016649
,,24000253
,,24000703
,,24006729
,,24002947
,,24002724
,,24003187
,,24012984
,,24012392
,,24002423
,,24001122
,,24012985
,,24014020
,,24016202
,,24004603
,,24012779
,,24004745
,,24006735
,,24006932
,,24011446
,,24012516
,,24005575
,,24002702
,,24005845
,,24005849
,,24016065
,,24011497
,,24002371
,,24001021
,,24000276
,,24002463
,,24016325
,,24014846
,,24006628
,,24008679
,,24011770
,,24008384
,,24009142
,,24008643
,,24007709
,,24013950
,,24003721
,,24000207
,,24003880
,,24007129
,,24005913
,,24008850
,,24000250
,,24000662
,,24015384
,,24007155
,,24007864
,,24010329
,,24010037
,,24015983
,,24013499
,,24003385
,,24011792
,,24002286
,,24013100
,,24008517
,,24004966
,,24002004
,,24008884
,,24015830
,,24016106
,,24012821
,,24016608
,,24005284
,,24004688
,,24005205
,,24011627
,,24001167
,,24007785
,,24014481
,,24000854
,,24009159
,,24012047
,,24005902
,,24009130
,,24009529
,,24006506
,,24002253
,,24006214
,,24002129
,,24006044
,,24016360
,,24016525
,,24008021
,,24016416
,,24003930
,,24006730
,,24008516
,,24000338
,,24015650
,,24015702
,,24011530
,,24003502
,,24001478
,,24004810
,,24003206
,,24006435
,,24011263
,,24013106
,,24003446
,,24011083
,,24011480
,,24011636
,,24003797
,,24003564
,,24002953
,,24015436
,,24006317
,,24006910
,,24008661
,,24009242
,,24005207
,,24009117
,,24006827
,,24006598
,,24009378
,,24009870
,,24000603
,,24011688
,,24012670
,,24005931
,,24003389
,,24012683
,,24010829
,,24004938
,,24006259
,,24009777
,,24006382
,,24006016
,,24004978
,,24008408
,,24006824
,,24015302
,,24005496
,,24008362
,,24010683
,,24010284
,,24016280
,,24002153
,,24000945
,,24015542
,,24006411
,,24003566
,,24007087
,,24015980
,,24000147
,,24014574
,,24009943
,,24004697
,,24012632
,,24013467
,,24011784
,,24006276
,,24007782
,,24014521
,,24005458
,,24006882
,,24011556
,,24002139
,,24011665
,,24013928
,,24015896
,,24003734
,,24004975
,,24012580
,,24008932
,,24012720
,,24002641
,,24013274
,,24006226
,,24010577
,,24001320
,,24001464
,,24016053
,,24010911
,,24014022
,,24015941
,,24015698
,,24015177
,,24007618
,,24009471
,,24012340
,,24006260
,,24009960
,,24005555
,,24004698
,,24001434
,,24004211
,,24013914
,,24006974
,,24007807
,,24013876
,,24009830
,,24009388
,,24007360
,,24004057
,,24009834
,,24016371
,,24006244
,,24008086
,,24004901
,,24015398
,,24007287
,,24001151
,,24003778
,,24004271
,,24004478
,,24004971
,,24005023
,,24005089
,,24005313
,,24005387
,,24005401
,,24005530
,,24006102
,,24006365
,,24006470
,,24006623
,,24006691
,,24006746
,,24008237
,,24008678
,,24010010
,,24010365
,,24010926
,,24011268
,,24011785
,,24012784
,,24013166
,,24013400
,,24015155
,,24015591
,,24016214
,,24016235
,,24016279
,,24016304
,,24016449
,,24016499